name,followers,popularity,genres,image_url,external_url
Nume,2193.0,44.0,[],https://i.scdn.co/image/ab6761610000517432c25d50ff3cbc0192e9c696,https://open.spotify.com/artist/62tV1e6rfkhuGPewxuOsjD
Zoro&Buzz,24744.0,45.0,['greek underground rap'],https://i.scdn.co/image/ab676161000051746a2e933c90456b74b870a6d7,https://open.spotify.com/artist/1lqh5puCZTMsGJalV8Rjbe
Buzz,5903.0,36.0,[],https://i.scdn.co/image/ab6761610000517492d027e6d656d8f0bde8d186,https://open.spotify.com/artist/72psY0qma8uEbuSXL8LtT5
Downtown,7110.0,33.0,"['greek drill', 'greek underground rap']",https://i.scdn.co/image/ab67616100005174fe6f2262aaad1813e496faff,https://open.spotify.com/artist/118OwtHPdC5az020NjWgoV
Fer de Lance,8191.0,35.0,['greek underground rap'],https://i.scdn.co/image/ab67616d00001e02706107d9f9205e86c7667fa9,https://open.spotify.com/artist/5PYdmvWY1gtKiCvmJ4tgYW
Raps On The Run,3684.0,44.0,['greek drill'],https://i.scdn.co/image/ab67616100005174f873822ce351f9d10a12535a,https://open.spotify.com/artist/2YFvN3qj5M2AMSQZ3jP1pD
Mikros Kleftis,41830.0,49.0,"['greek hip hop', 'greek underground rap']",https://i.scdn.co/image/ab676161000051741f3196221ae220aedc70aa6a,https://open.spotify.com/artist/1WNkrtDTdQ5izZf5L372i9
Anser,35437.0,44.0,"['greek trap', 'greek underground rap']",https://i.scdn.co/image/ab67616100005174f77d1f7e7cc9ed6fa5c1b430,https://open.spotify.com/artist/3peCLl6eMLh8lJyRUt4jc8
Sadam,33806.0,44.0,"['greek drill', 'greek trap', 'greek underground rap']",https://i.scdn.co/image/ab676161000051746d42e1761b6a7a548a072e9b,https://open.spotify.com/artist/5svarA8QyRUWetgH9ZouQq
Wang,19660.0,49.0,['greek drill'],https://i.scdn.co/image/ab676161000051745baf56b12e7348e7a9b375bf,https://open.spotify.com/artist/3ef2an5giEP6Hc60lKEVEy
Tzamal,43484.0,39.0,"['greek hip hop', 'greek underground rap']",https://i.scdn.co/image/ab67616100005174bb575091a6b7b11ba82e049e,https://open.spotify.com/artist/3f3h06ii1hc3dmFiuLNAQq
Stixoima,19302.0,39.0,['greek hip hop'],https://i.scdn.co/image/ab67616d00001e021eb1c1b45037ee9c8346d7b2,https://open.spotify.com/artist/5RbSA2rN3Z1OChfNSZ8Jqz
sponty.,6585.0,33.0,['greek underground rap'],https://i.scdn.co/image/ab67616100005174656b282101c1dc7196d1c2f5,https://open.spotify.com/artist/6DSgvyDzMvtQ7dAkLdNwo5
Mpelafon,4219.0,37.0,['greek underground rap'],https://i.scdn.co/image/ab67616100005174c49f2ecf87a132318f15ee88,https://open.spotify.com/artist/0bWNsLp2zKgUNInup4gU9F
Bitapeis,6274.0,38.0,[],https://i.scdn.co/image/ab6761610000517445b0e24aa8b9983cd0c7b889,https://open.spotify.com/artist/5Gb9GaGZGyJqz3EV5NR5e2
HGEMONA$,29674.0,50.0,['greek drill'],https://i.scdn.co/image/ab67616100005174c7dac7e6085cfb7967b8fc8b,https://open.spotify.com/artist/1POlf5v8Q8ciCcWlAcxnEm
Novel 729,37230.0,44.0,['greek underground rap'],https://i.scdn.co/image/ab67616100005174fde538413f7b26f345f6140a,https://open.spotify.com/artist/4664bpPyFIkTMQGUVnqeAo
Kanon,24556.0,41.0,"['greek hip hop', 'greek underground rap']",https://i.scdn.co/image/ab6761610000517496828291fa12d7896d19ae56,https://open.spotify.com/artist/1ssOY5fx4efqZ0RXZ4M3PJ
Dof Twogee,33311.0,52.0,"['greek drill', 'greek hip hop']",https://i.scdn.co/image/ab67616100005174b7a0cb039f516cc519677168,https://open.spotify.com/artist/1OJxI4NQfY6osMvhfRMMEX
JV,2619.0,34.0,['greek drill'],https://i.scdn.co/image/ab6761610000517486c198b75dd305653d73e151,https://open.spotify.com/artist/4on0ZKQawQbKtMn38c5aIS
D12,2245581.0,70.0,"['detroit hip hop', 'gangster rap', 'hip hop', 'pop rap', 'rap', 'rap rock', 'southern hip hop']",https://i.scdn.co/image/1e2e08b41628310eec1a4659367513e82243ab4b,https://open.spotify.com/artist/5Qi4Bb7a8C0a00NZcA77L0
Bad Meets Evil,1388795.0,64.0,"['detroit hip hop', 'gangster rap', 'hip hop', 'pop rap', 'rap']",https://i.scdn.co/image/4f153c72bff6dccba21ffd360fc308f268a23659,https://open.spotify.com/artist/77IURH5NC56Jn09QHi76is
The Game,3876795.0,78.0,"['gangster rap', 'hip hop', 'pop rap', 'rap', 'southern hip hop', 'trap']",https://i.scdn.co/image/ab67616100005174a657aa5506945d264e147244,https://open.spotify.com/artist/0NbfKEOTQCcwd6o7wSDOHI
Hopsin,2248973.0,68.0,"['conscious hip hop', 'hip hop', 'pop rap', 'rap']",https://i.scdn.co/image/ab6761610000517488dc07cec6d64493301c4fd1,https://open.spotify.com/artist/7EWU4FhUJM1sZQgQKdENeT
DMX,3262884.0,75.0,"['east coast hip hop', 'gangster rap', 'hardcore hip hop', 'hip hop', 'pop rap', 'rap']",https://i.scdn.co/image/ab6772690000dd223074f51af22630a1c86da016,https://open.spotify.com/artist/1HwM5zlC5qNWhJtM00yXzG
Dr. Dre,7004182.0,86.0,"['g funk', 'gangster rap', 'hip hop', 'rap', 'west coast rap']",https://i.scdn.co/image/170254ebdd747f4e7045df1cae8f11a42dc1a547,https://open.spotify.com/artist/6DPYiyq5kWVQS4RGwxzPC7
50 Cent,8720628.0,86.0,"['east coast hip hop', 'gangster rap', 'hip hop', 'pop rap', 'queens hip hop', 'rap']",https://i.scdn.co/image/6f0da41419b31d9d2ba55d2df212f59ad0668118,https://open.spotify.com/artist/3q7HBObVc0L8jNeTe5Gofh
Yelawolf,1967890.0,71.0,"['alabama rap', 'hip hop', 'pop rap', 'rap', 'southern hip hop']",https://i.scdn.co/image/ab6761610000517483ab349174190711362134da,https://open.spotify.com/artist/68DWke2VjdDmA75aJX5C57
Obie Trice,747192.0,66.0,"['detroit hip hop', 'gangster rap', 'hardcore hip hop', 'hip hop', 'pop rap', 'rap', 'southern hip hop']",https://i.scdn.co/image/d6ebc26b7f361aa6de3a8992b49bf4a2536af3fc,https://open.spotify.com/artist/2XnnxQzxFZG8qEPjakokPM
Tech N9ne,2405445.0,76.0,"['hip hop', 'kansas city hip hop', 'pop rap']",https://i.scdn.co/image/ab67616100005174f2f6845f7e0187bb82cca89f,https://open.spotify.com/artist/6UBA15slIuadJ8h2lPRPos
Ice Cube,5432004.0,79.0,"['conscious hip hop', 'g funk', 'gangster rap', 'hip hop', 'rap', 'west coast rap']",https://i.scdn.co/image/ab67616100005174650e79afafd00492e33d7b8c,https://open.spotify.com/artist/3Mcii5XWf6E0lrY3Uky4cA
Xzibit,1469234.0,71.0,"['detroit hip hop', 'g funk', 'gangster rap', 'hardcore hip hop', 'hip hop', 'pop rap', 'rap', 'west coast rap']",https://i.scdn.co/image/ab67616100005174b04749391ab206764049c219,https://open.spotify.com/artist/4tujQJicOnuZRLiBFdp3Ou
N.W.A.,4055031.0,70.0,"['conscious hip hop', 'gangster rap', 'golden age hip hop', 'hardcore hip hop', 'hip hop', 'old school hip hop', 'rap', 'west coast rap']",https://i.scdn.co/image/6c6c5456aa373c9cbf4f385c2dd69c4177e6e3fa,https://open.spotify.com/artist/4EnEZVjo3w1cwcQYePccay
T.I.,4131691.0,79.0,"['atl hip hop', 'dance pop', 'dirty south rap', 'gangster rap', 'hip hop', 'pop rap', 'rap', 'southern hip hop', 'trap']",https://i.scdn.co/image/ab6761610000517412057d342f33c61b3768f2bc,https://open.spotify.com/artist/4OBJLual30L7gRl5UkeRcT
The Notorious B.I.G.,7441016.0,82.0,"['east coast hip hop', 'gangster rap', 'hardcore hip hop', 'hip hop', 'rap']",https://i.scdn.co/image/9bb42de208edcb69653a8e7951fa93b13f598cdd,https://open.spotify.com/artist/5me0Irg2ANcsgc93uaYrpb
Snoop Dogg,8030757.0,88.0,"['g funk', 'gangster rap', 'hip hop', 'pop rap', 'rap', 'west coast rap']",https://i.scdn.co/image/ab676161000051749a398209a4ef3360dce2dec4,https://open.spotify.com/artist/7hJcb9fa4alzcOq3EaNPoG
Ludacris,2353915.0,81.0,"['atl hip hop', 'dirty south rap', 'hip hop', 'old school atlanta hip hop', 'pop rap', 'rap', 'southern hip hop', 'trap']",https://i.scdn.co/image/0515a0dfc9c25cd8290cc4be58abf6f66f21706a,https://open.spotify.com/artist/3ipn9JLAPI5GUEo4y4jcoi
G-Unit,1800237.0,66.0,"['gangster rap', 'hardcore hip hop', 'hip hop', 'pop rap', 'queens hip hop', 'rap', 'southern hip hop', 'trap']",https://i.scdn.co/image/883505d6cbdbbb54837b345a84722dc78764ab67,https://open.spotify.com/artist/6evKD5JWJON3qPBJtUEmtY
B.o.B,1955537.0,77.0,"['atl hip hop', 'dance pop', 'hip hop', 'pop', 'pop rap', 'pop rock', 'rap', 'southern hip hop']",https://i.scdn.co/image/ab676161000051748c518d4a4e60eff246453b0a,https://open.spotify.com/artist/5ndkK3dpZLKtBklKjxNQwT
Logic,5667085.0,82.0,"['conscious hip hop', 'dmv rap', 'hip hop', 'pop rap', 'rap']",https://i.scdn.co/image/ab67616100005174c0f43abdba90d508842d7367,https://open.spotify.com/artist/4xRYI6VqpkE3UwrDrAZL8L
Vasilis Kazoulis,15289.0,33.0,"['classic greek pop', 'classic greek rock', 'laiko']",https://i.scdn.co/image/ab67616d00001e0297499f48a22d0c46ce385b37,https://open.spotify.com/artist/0ASGRFJF9cw14fODQ93OqM
Filippos Pliatsikas,20124.0,38.0,['entehno'],https://i.scdn.co/image/ab67616d00001e02816ccb542656a4661597b4be,https://open.spotify.com/artist/4UivkNzFA9XPTr0coJ3x0y
Nikos Portokaloglou,41471.0,41.0,"['classic greek rock', 'entehno', 'greek indie']",https://i.scdn.co/image/ab676161000051745e95262fc351b392de024545,https://open.spotify.com/artist/38VfUvRpU0Tn6COM6AvMH0
Haris & Panos Katsimihas,38307.0,39.0,"['classic greek pop', 'classic greek rock', 'greek indie', 'laiko']",https://i.scdn.co/image/ab67616d00001e0260c0ede26764388bc51fa357,https://open.spotify.com/artist/2OVFX90h8lDzPZ5L5Mu0Vz
Endelehia,12764.0,31.0,"['classic greek rock', 'greek indie']",https://i.scdn.co/image/ab67616d00001e02405cc9de1600ba1c63f5a767,https://open.spotify.com/artist/2OJRCdqITodqv1GMIxqG5l
Stamatis Kraounakis,21859.0,33.0,"['greek indie', 'laiko', 'rebetiko']",https://i.scdn.co/image/ab67616100005174e62518c05a61150bc5a1aed5,https://open.spotify.com/artist/4i1Ok9sZW1HyK0hQJJRKaK
Alkistis Protopsalti,59484.0,44.0,"['entehno', 'greek indie', 'greek pop', 'laiko']",https://i.scdn.co/image/ab67616100005174812bcb140b2b5d8631de7f15,https://open.spotify.com/artist/514w90CKIw9w84Zh3NSNyA
Thanos Mikroutsikos,28807.0,40.0,"['entehno', 'greek indie']",https://i.scdn.co/image/ab676161000051745c32d5c11074dccc57b73eb6,https://open.spotify.com/artist/5kCtqFosYREWHgWcpsgeAr
Giannis Miliokas,8833.0,32.0,['classic greek rock'],https://i.scdn.co/image/ab67616d00001e02df269c09cb756e96ee8c55b3,https://open.spotify.com/artist/0nYnGEECb74bc2xh9Y8LbU
Lavrentis Machairitsas,74994.0,47.0,"['classic greek rock', 'entehno', 'greek indie', 'greek pop', 'laiko']",https://i.scdn.co/image/ab6761610000517446a35c38d2bd7a723984a5b6,https://open.spotify.com/artist/5z7uDSNrMNmtg7eikmaaau
Arleta,24812.0,41.0,"['classic greek pop', 'classic greek rock', 'entehno', 'greek indie', 'laiko', 'neo kyma']",https://i.scdn.co/image/ab67616d00001e02512777e23cc6f1c2bb6e434c,https://open.spotify.com/artist/6KVMKVZCXarNNhwKxhjCmo
Ypogeia Revmata,23080.0,35.0,"['classic greek rock', 'greek indie']",https://i.scdn.co/image/ab67616100005174c2a78c487fbe84f003546275,https://open.spotify.com/artist/4xbr3XX253Pyc7UiPCWEGh
Manolis Mitsias,18541.0,36.0,"['laiko', 'rebetiko']",https://i.scdn.co/image/ab676161000051742dbf4a2157a21a719385fe5e,https://open.spotify.com/artist/0iPmB3x32r1vp0nL4gsjMo
Orfeas Peridis,28053.0,37.0,"['entehno', 'laiko']",https://i.scdn.co/image/ab676161000051741e990188c076c538b28783e1,https://open.spotify.com/artist/2ZF1xGNHlKmoPQHhGI4sdS
Manolis Lidakis,13892.0,37.0,['laiko'],https://i.scdn.co/image/ab67616d00001e025959f71eed0d8172dcb9df26,https://open.spotify.com/artist/1g9oRHOADioiTom7aeC9rN
Nikos Papazoglou,48554.0,37.0,"['classic greek pop', 'entehno', 'laiko', 'rebetiko']",https://i.scdn.co/image/ab6761610000517477e48f8eac471d62349f846e,https://open.spotify.com/artist/2l9wrwzboV14ckBlHgeojZ
Nikos Karvelas,5765.0,32.0,"['classic greek pop', 'laiko']",https://i.scdn.co/image/ab67616d00001e02115276633e8b98c5feb99c99,https://open.spotify.com/artist/5gbEc3kKXtdYDdG8UYvgKR
Xilina Spathia,40865.0,40.0,"['classic greek rock', 'greek indie']",https://i.scdn.co/image/ab67616d00001e02785a6af2da9b8d96ac4dde0e,https://open.spotify.com/artist/2zsxq4xTSDddUsmf1GT6Wt
Nikos Ziogalas,7323.0,38.0,['classic greek rock'],https://i.scdn.co/image/ab67616d00001e026537ed757e94c56f96c55128,https://open.spotify.com/artist/41VO6F1Bl9jOBTCevwZmMR
Yiannis Kotsiras,69612.0,49.0,"['classic greek pop', 'classic greek rock', 'entehno', 'greek pop', 'laiko']",https://i.scdn.co/image/ab676161000051740243ca14650de26e420ff5a2,https://open.spotify.com/artist/6waWR57xXsgtWztHX1v8TB
SKIADARESES,8025.0,40.0,['greek indie'],https://i.scdn.co/image/ab67616d00001e0295d6b956b8c70c05828eeb76,https://open.spotify.com/artist/3ZUI362BbNMdNjI3GiGMPo
Yorgos Rous,4925.0,41.0,['greek indie'],https://i.scdn.co/image/ab6761610000517496332da09b349d2c0f9b0922,https://open.spotify.com/artist/28BigpvpUQr0WHhR7QzIep
Pavlos Sidiropoulos,37583.0,39.0,['classic greek rock'],https://i.scdn.co/image/ab67616d00001e023694d6787a3528df7987faa4,https://open.spotify.com/artist/5Z4mEhHsWHyS10omStJ81u
Κοινοί Θνητοί,11148.0,37.0,['greek underground rap'],https://i.scdn.co/image/ab676161000051744c4f8c2952c1fc505ba02cd1,https://open.spotify.com/artist/1KAJV608oYCNcdjJwMRuzZ
Ganja Rocks,3155.0,33.0,['greek underground rap'],https://i.scdn.co/image/ab67616d00001e0228800a127df6e6c59cda015f,https://open.spotify.com/artist/5xp1OHjCgn92f5JdNRn9yB
Eisvoleas,23123.0,38.0,['greek hip hop'],https://i.scdn.co/image/ab67616100005174e46cb913770bd360e980b824,https://open.spotify.com/artist/0qLu7eoKaRxK7MrwMCqFF1
Spiros Grammenos,6927.0,32.0,['greek indie'],https://i.scdn.co/image/ab67616d00001e028c3397fe848f463beb111057,https://open.spotify.com/artist/3R0jQDaLYWSGpsRc2aBkrj
Social Waste,18794.0,33.0,"['greek hip hop', 'greek indie', 'greek underground rap']",https://i.scdn.co/image/ab67616100005174698de14428e40f3ef1aecaee,https://open.spotify.com/artist/1tqVrFgrtKlnu2M3wQ98XL
Usurum,6424.0,34.0,['greek indie'],https://i.scdn.co/image/ab676161000051749ea3f3cce31139f7b8404da2,https://open.spotify.com/artist/2BKPOAa7Pt1qScJxFgEpPs
Rodes,4932.0,32.0,['greek indie'],https://i.scdn.co/image/ab67616d00001e02063ded3a1bbd16954d4c906d,https://open.spotify.com/artist/1pwttqZKsz7k2AmXFuMPkz
Βέβηλος,13408.0,37.0,['greek underground rap'],https://i.scdn.co/image/ab67616100005174f6a7f52caa78760c3ed5511e,https://open.spotify.com/artist/2paECBjEu5OjvT6tr5KQiL
Fivos Delivorias,30360.0,43.0,['entehno'],https://i.scdn.co/image/ab67616d00001e0223b1a7a9b33a560bec627f0c,https://open.spotify.com/artist/1e4ICc9TtOUGHrhS4LX59z
Maraveyas,64274.0,44.0,"['entehno', 'greek swing']",https://i.scdn.co/image/ab67616100005174d8b2d66ac8b5546b3e9a24c3,https://open.spotify.com/artist/5PBgnkHTjFwVM3eAhmh2EU
Marina Spanou,4435.0,31.0,[],https://i.scdn.co/image/ab6761610000517447d391b0bdb6bb78a50d1db2,https://open.spotify.com/artist/3CHVx21sE8rj1BnqRHukdz
Κόρε. Ύδρο.,7231.0,32.0,['greek indie'],https://i.scdn.co/image/ab676161000051745ccc0d8b1b4533e8e8eb36d5,https://open.spotify.com/artist/29fVAQGPYv364YjafzbcNh
Pavlos Pavlidis,16871.0,38.0,['greek indie'],https://i.scdn.co/image/ab67616100005174ed8e2be98041efa7e6a0db2b,https://open.spotify.com/artist/3zaOzPiwcDwULOIc6IBCbd
Tripes,43330.0,38.0,"['classic greek rock', 'greek indie']",https://i.scdn.co/image/ab67616d00001e020e62fe643d0e7ce9206e860f,https://open.spotify.com/artist/0j26rQ1q8emYPBLonXtEJ9
Locomondo,41297.0,41.0,"['greek indie', 'greek swing']",https://i.scdn.co/image/ab67616100005174638891ed953261c952fb3402,https://open.spotify.com/artist/6NxXHjmu44lrhxiQoMxKIc
Thanasis Papakonstantinou,43287.0,43.0,['entehno'],https://i.scdn.co/image/ab67616100005174f77337b1c2209114921b0ef3,https://open.spotify.com/artist/32iu6edxEe5fMPX029eAU3
Future World Music,52909.0,47.0,['epicore'],https://i.scdn.co/image/ab676161000051745210decc97b32363b19f7f58,https://open.spotify.com/artist/6gmhrHojnyp0SfG4WwJgIE
Thomas Bergersen,217875.0,69.0,"['epicore', 'soundtrack', 'video game music']",https://i.scdn.co/image/9cc2b715294ec21bebc2629a257d302b98ec9ba6,https://open.spotify.com/artist/6BF0bXbsdujMSMeFZBGcBq
Epic Score,75789.0,51.0,['epicore'],https://i.scdn.co/image/ab67616d00001e02091d5bfaa6aaf8e8051cc6f2,https://open.spotify.com/artist/4Kyb02r7dR3H1PH7pYkb8X
Two Steps from Hell,677731.0,68.0,"['epicore', 'orchestral soundtrack', 'soundtrack', 'video game music']",https://i.scdn.co/image/ab67616d00001e02149cf6977defe909fd7d34fd,https://open.spotify.com/artist/2qvP9yerCZCS0U1gZU8wYp
X-Ray Dog,14836.0,45.0,['epicore'],https://i.scdn.co/image/ab67616d00001e02c91f9cdbd7975db468a949a2,https://open.spotify.com/artist/4GwtNddbBGWKxaquZyFFJG
Immediate,50829.0,39.0,['epicore'],https://i.scdn.co/image/ab67616d00001e029db4c9f58b5a84bdd7afd41a,https://open.spotify.com/artist/5RcJDMYwS4w1XJkNiR4LvM
City of the Fallen,13282.0,31.0,['epicore'],https://i.scdn.co/image/ab67616100005174f4c024c785b03e728f0ff181,https://open.spotify.com/artist/2Y6yi5MrD1GR14YM8qNCjw
Globus,36561.0,46.0,"['bow pop', 'epicore']",https://i.scdn.co/image/ab67616100005174a5cd86706cba4f0eeb14f50a,https://open.spotify.com/artist/2SrDoQLTZqsVi8Vg1UdHao
Antti Martikainen,48733.0,46.0,['epicore'],https://i.scdn.co/image/ab67616100005174f099e06639352aa9d02157d2,https://open.spotify.com/artist/5GETpZjqNPFTHpVOousGeo
Epic North,24896.0,41.0,['epicore'],https://i.scdn.co/image/ab6761610000517477acb5bdd0e1b326b8167a6f,https://open.spotify.com/artist/65VzgvnIOrNmIk4UwsMI39
Really Slow Motion,90635.0,60.0,['epicore'],https://i.scdn.co/image/ab67616100005174adedcbf1b708e22ac289be84,https://open.spotify.com/artist/4dDb2XLONSNrTrucRcoaYM
Nick Phoenix,17954.0,52.0,['epicore'],https://i.scdn.co/image/ab676161000051742199a95acfe636148481e78c,https://open.spotify.com/artist/3EvzCyNmY3kbUkMawjsndF
Jack Trammell,9871.0,34.0,['epicore'],https://i.scdn.co/image/ab67616d00001e023bb0fd2493a9161e709674d4,https://open.spotify.com/artist/1gbgOYIuCfU3kfsk5iaJ3r
Mark Petrie,17874.0,47.0,['epicore'],https://i.scdn.co/image/ab67616d00001e02273d46adbdab5858106485d2,https://open.spotify.com/artist/1JmpYoOoDOGPw3uUyqj9m6
Sound Adventures,17500.0,48.0,"['epicore', 'scorecore', 'video game music']",https://i.scdn.co/image/ab67616100005174cc5aeea12066b3912cbaff9d,https://open.spotify.com/artist/0YdXfou4dLC8zsOn85D1GL
Music Junkies,6477.0,35.0,['epicore'],https://i.scdn.co/image/ab67616d00001e0202d273d1c2cdccaf5de0a798,https://open.spotify.com/artist/243alh1KgKJ2UsnjBHDRDs
Iván Torrent,52535.0,48.0,['epicore'],https://i.scdn.co/image/ab676161000051741a69f793961047040d271871,https://open.spotify.com/artist/3C6hf9ZIza3e2f2Q3XwfcO
Brand X Music,22751.0,46.0,['epicore'],https://i.scdn.co/image/ab676161000051745e94211f385d2ea0dd782540,https://open.spotify.com/artist/1jee9hr0fXhz1aoGnwOSiL
Gothic Storm,16490.0,41.0,['epicore'],https://i.scdn.co/image/ab67616100005174fb9474c4ca9356425f9782d1,https://open.spotify.com/artist/0yJVICreTbBrtXTstg8pE9
James Dooley,16303.0,38.0,['epicore'],https://i.scdn.co/image/ab67616d00001e02f2e564d8b26192a53a64d334,https://open.spotify.com/artist/1ZHio9RIhXSROw2pqxiZ91
Audiomachine,221009.0,61.0,"['epicore', 'video game music']",https://i.scdn.co/image/ab67616d00001e021174c6dc57521ec54716413d,https://open.spotify.com/artist/5F4ObszoeVebqtc0B3XqJa
Marcus Warner,28188.0,49.0,['epicore'],https://i.scdn.co/image/ab67616100005174c46fe8df21139779a7c77844,https://open.spotify.com/artist/44HQ4cmv8MKMNHkPtXwZbQ
E.S. Posthumus,59911.0,43.0,"['bow pop', 'epicore']",https://i.scdn.co/image/ab67616d00001e0229e9e9ca5cf51d653febc263,https://open.spotify.com/artist/1CqW2UkLsaZvByLwkOaNsH
Zack Hemsey,137033.0,56.0,"['epicore', 'scorecore']",https://i.scdn.co/image/ab67616d00001e02ad23694f5312acca60c1c2cb,https://open.spotify.com/artist/2Eg0o1Mok66akOkuOiGdEv
Hidden Citizens,112757.0,59.0,"['epicore', 'modern alternative rock']",https://i.scdn.co/image/ab67616d00001e02d93f5923b8d8666148bbafa5,https://open.spotify.com/artist/707cnVfI3ISM4j5uzfTc7J
Secession Studios,48456.0,54.0,['epicore'],https://i.scdn.co/image/ab67616d00001e0261eb0552afabedca22319d99,https://open.spotify.com/artist/3vJCYheZF5PWUvTIykvNG5
Jo Blankenburg,29150.0,48.0,"['downtempo', 'epicore', 'scorecore', 'soundtrack', 'video game music']",https://i.scdn.co/image/ab67616100005174055ec376415b6cdb6d51e13a,https://open.spotify.com/artist/4tuiQRw9bC9HZhSFJEJ9Mz
Makaveli,1790123.0,60.0,"['gangster rap', 'hardcore hip hop', 'hip hop', 'rap', 'southern hip hop']",https://i.scdn.co/image/ab676161000051742275cee3b8cca367d8e2ea79,https://open.spotify.com/artist/4pmNqFu71wEmFXSsYAiWK8
Big Pun,1027109.0,65.0,"['bronx hip hop', 'east coast hip hop', 'gangster rap', 'hardcore hip hop', 'hip hop', 'rap', 'southern hip hop']",https://i.scdn.co/image/ab676161000051744dd28760ce53bdbc747fd598,https://open.spotify.com/artist/2Xu7q46Hf02xOoEIm4E1Qs
Busta Rhymes,2034100.0,76.0,"['east coast hip hop', 'hardcore hip hop', 'hip hop', 'hip pop', 'pop rap', 'rap']",https://i.scdn.co/image/ab676161000051747b31aba081ef084510cde4e3,https://open.spotify.com/artist/1YfEcTuGvBQ8xSD1f53UnK
Lloyd Banks,1087526.0,68.0,"['gangster rap', 'hardcore hip hop', 'hip hop', 'pop rap', 'queens hip hop', 'rap', 'trap']",https://i.scdn.co/image/a474ecb3ad39cd8fed27e221083fc2bfae45ea59,https://open.spotify.com/artist/3vDUJHQtqT3jFRZ2ECXDTi
The LOX,429367.0,58.0,"['east coast hip hop', 'gangster rap', 'hardcore hip hop', 'hip hop', 'hip pop', 'pop rap', 'rap']",https://i.scdn.co/image/ab67616100005174deaecca1879726b131fd71c9,https://open.spotify.com/artist/0A7g2YbCA9FlyZvAG6VmKP
Method Man,1630466.0,75.0,"['east coast hip hop', 'gangster rap', 'hardcore hip hop', 'hip hop', 'pop rap', 'rap', 'southern hip hop']",https://i.scdn.co/image/60f9c445b2ad379840fa1144faeb0f869cf39dd0,https://open.spotify.com/artist/4VmEWwd8y9MCLwexFMdpwt
Fat Joe,1287966.0,73.0,"['bronx hip hop', 'east coast hip hop', 'gangster rap', 'hardcore hip hop', 'hip hop', 'hip pop', 'pop rap', 'rap', 'trap']",https://i.scdn.co/image/ab676161000051740611b0c36216936a143d0e25,https://open.spotify.com/artist/3ScY9CQxNLQei8Umvpx5g6
Beanie Sigel,541306.0,59.0,"['battle rap', 'east coast hip hop', 'gangster rap', 'hardcore hip hop', 'hip hop', 'hip pop', 'philly rap', 'pop rap', 'rap', 'southern hip hop', 'trap']",https://i.scdn.co/image/aba95d6aea5a8b5afd9f06d2d33b4813f74b57f8,https://open.spotify.com/artist/0tCtGc5vt29zFZp6KXzN50
Styles P,560893.0,67.0,"['alternative hip hop', 'battle rap', 'east coast hip hop', 'gangster rap', 'hardcore hip hop', 'hip hop', 'pop rap', 'rap', 'southern hip hop', 'trap']",https://i.scdn.co/image/143d9549fe5f7c3dce24a871b6b74a30d4a888d1,https://open.spotify.com/artist/2x8KDZdSONA3872CnhaAlX
Cam’ron,572453.0,65.0,"['battle rap', 'east coast hip hop', 'gangster rap', 'hardcore hip hop', 'harlem hip hop', 'hip hop', 'hip pop', 'pop rap', 'rap', 'southern hip hop', 'trap']",https://i.scdn.co/image/ab676161000051747455f2c344f66269f98948a4,https://open.spotify.com/artist/7iMvwE8qANp3aIfAGKEAwS
Jadakiss,891347.0,71.0,"['battle rap', 'east coast hip hop', 'gangster rap', 'hardcore hip hop', 'hip hop', 'hip pop', 'pop rap', 'rap', 'trap']",https://i.scdn.co/image/ab67616100005174d8dba5c02f8c75eb280dd70e,https://open.spotify.com/artist/5pnbUBPifNnlusY8kTBivi
LL Cool J,1304852.0,66.0,"['east coast hip hop', 'golden age hip hop', 'hardcore hip hop', 'hip hop', 'hip pop', 'old school hip hop', 'pop rap', 'queens hip hop', 'rap', 'southern hip hop', 'urban contemporary']",https://i.scdn.co/image/cc247428a7113aae7e87a0da4fc2c9662429e77b,https://open.spotify.com/artist/1P8IfcNKwrkQP5xJWuhaOC
Fabolous,2199575.0,72.0,"['dance pop', 'gangster rap', 'hardcore hip hop', 'hip hop', 'hip pop', 'pop rap', 'r&b', 'rap', 'trap', 'urban contemporary']",https://i.scdn.co/image/ab67616100005174ba820857f36896f883e889dd,https://open.spotify.com/artist/0YWxKQj2Go9CGHCp77UOyy
Mase,629206.0,69.0,"['gangster rap', 'hardcore hip hop', 'harlem hip hop', 'hip hop', 'hip pop', 'pop rap', 'rap', 'southern hip hop', 'urban contemporary']",https://i.scdn.co/image/dfd8dc3f4af9ae9c9193e69309e6ea0c1219dd1b,https://open.spotify.com/artist/1wiBLzTI7z9RUwEpNPdFT6
Westside Connection,1063622.0,63.0,"['g funk', 'gangster rap', 'hardcore hip hop', 'hip hop', 'pop rap', 'rap', 'west coast rap']",https://i.scdn.co/image/3f29ea082ebfc951f40646ff4487ee50157b4425,https://open.spotify.com/artist/3zNM2tRfTX6LI1lN2PlrTt
Scarface,725772.0,62.0,"['conscious hip hop', 'dirty south rap', 'gangster rap', 'hardcore hip hop', 'hip hop', 'houston rap', 'rap', 'southern hip hop', 'trap']",https://i.scdn.co/image/ab67616100005174ae0c2f874279460a00c476c6,https://open.spotify.com/artist/19KwjzvIL92r29IINtlPNP
WC,347910.0,55.0,"['gangster rap', 'hip hop', 'hyphy', 'rap', 'west coast rap']",https://i.scdn.co/image/7c2177c5980d9676d246f49b86e3c28afb61fc24,https://open.spotify.com/artist/3NgwMzys77S7sgfh2W5k0V
Kurupt,536187.0,67.0,"['g funk', 'gangster rap', 'hardcore hip hop', 'hip hop', 'rap', 'west coast rap']",https://i.scdn.co/image/da8f8708b5df41a754da8b86e058e0498758a744,https://open.spotify.com/artist/6NyJIFHAePjHR1pFxwisqz
Mack 10,553574.0,61.0,"['chicano rap', 'g funk', 'gangster rap', 'hardcore hip hop', 'hip hop', 'hyphy', 'rap', 'west coast rap']",https://i.scdn.co/image/4aed47e43ba9188a8c5bd99a931e0d846b2856ac,https://open.spotify.com/artist/3USpNaxpX1iNqNnQWqg9ob
Nate Dogg,1209106.0,81.0,"['g funk', 'gangster rap', 'hip hop', 'pop rap', 'rap', 'west coast rap']",https://i.scdn.co/image/6ee73d7a40401620c5296011dedeea959bd039a0,https://open.spotify.com/artist/1Oa0bMld0A3u5OTYfMzp5h
Warren G,1819530.0,69.0,"['g funk', 'gangster rap', 'hardcore hip hop', 'hip hop', 'pop rap', 'rap', 'west coast rap']",https://i.scdn.co/image/504a16559393702b641beeee6bec8b2fbeaecc9d,https://open.spotify.com/artist/2B4ZHz4QDWJTXPFPgO5peE
Daz Dillinger,218013.0,62.0,"['g funk', 'gangster rap', 'hip hop', 'rap', 'west coast rap', 'west coast trap']",https://i.scdn.co/image/ab67616d00001e02da3782e4e6eb5acfeede7824,https://open.spotify.com/artist/5Jz9kKRnCRLTodCH58MyB4
Tha Eastsidaz,419690.0,54.0,"['g funk', 'gangster rap', 'hip hop', 'hyphy', 'rap', 'west coast rap', 'west coast trap']",https://i.scdn.co/image/ab67616d00001e02140bf7763dc4647dec0d3dba,https://open.spotify.com/artist/51FyBBOW464toW099BsW8z
Trick Trick,178257.0,55.0,['detroit hip hop'],https://i.scdn.co/image/ab67616100005174696b35a4f0e04c1eddf39593,https://open.spotify.com/artist/7tT5h21rKj9yFfQuqBYLqT
Thug Life,760429.0,51.0,"['gangster rap', 'hardcore hip hop', 'hip hop', 'rap']",https://i.scdn.co/image/ab67616d00001e02a807ea7d3c719d4e7232af89,https://open.spotify.com/artist/76fO70b6BK2xt3UVOe4BIZ
B-Real,92559.0,65.0,"['chicano rap', 'west coast rap']",https://i.scdn.co/image/ab6761610000517408c0cfa0e29b517ae985d3f6,https://open.spotify.com/artist/2LiWxiQzuD9nmWQ6NCA8Gd
M.O.P.,270374.0,58.0,"['east coast hip hop', 'gangster rap', 'hardcore hip hop', 'hip hop', 'rap', 'turntablism']",https://i.scdn.co/image/ab67616d00001e0299d5e13356b05f244af52d78,https://open.spotify.com/artist/1BH45DVSTeGBvcYXNCd67g
Young Buck,835528.0,65.0,"['crunk', 'dirty south rap', 'gangster rap', 'hardcore hip hop', 'hip hop', 'nashville hip hop', 'pop rap', 'rap', 'southern hip hop', 'trap']",https://i.scdn.co/image/5db8190a5fa20da8241785bc6ec5d4b6fa90d76e,https://open.spotify.com/artist/4pr7J7wzgObkE3DD3Izi7q
Redman,930748.0,69.0,"['east coast hip hop', 'gangster rap', 'hardcore hip hop', 'hip hop', 'new jersey rap', 'rap', 'southern hip hop', 'wu fam']",https://i.scdn.co/image/bac34d97c64a8fafa86c6855dab6ac5f33cc1112,https://open.spotify.com/artist/7xTKLpo7UCzXSnlH7fOIoM
Ren Avel,7214.0,58.0,['anime lo-fi'],https://i.scdn.co/image/ab67616100005174bc7e97be050bb41d4286be1c,https://open.spotify.com/artist/0G60ExqaVqj0ap0Sysa8AJ
Sleepy Tom,4344.0,58.0,[],https://i.scdn.co/image/ab67616100005174b3a05f7d9f36fa4d6903de32,https://open.spotify.com/artist/03Tk5nZMEoqaWZOXoiN7Km
Altair Blake,2446.0,60.0,[],https://i.scdn.co/image/ab676161000051741780f551e73afb9f09629e23,https://open.spotify.com/artist/7GHdxiYiGpD4ZHM3jfyIOr
Azido 88,1509.0,58.0,[],https://i.scdn.co/image/ab67616100005174431dac5b7c17e753aec034f3,https://open.spotify.com/artist/36Hfqd2C0x7oulFJTAuIt0
Urushi,564.0,52.0,[],https://i.scdn.co/image/ab67616100005174ece33bb08f3d0d74f9b30c00,https://open.spotify.com/artist/1HRP4rtLUA0IdEjlCAR66t
mood.,13646.0,57.0,[],https://i.scdn.co/image/ab67616d00001e029546ccdddaa84208746db932,https://open.spotify.com/artist/3fL0KDSqNCWDtbu1wfIaVo
GXNXSIS,6843.0,56.0,['christian lo-fi'],https://i.scdn.co/image/ab676161000051744a41839559dfc22161cc44e1,https://open.spotify.com/artist/6zQB8H6a9DxpgcNexhg77O
Kid Kio,2510.0,57.0,[],https://i.scdn.co/image/ab676161000051746d2f48c45581a21f9207ba1a,https://open.spotify.com/artist/5Y2wHchGaDlDsk9FPC0YSE
Shierro,4813.0,61.0,['lo-fi jazzhop'],https://i.scdn.co/image/ab6761610000517485e17f5faf564b577009a8b7,https://open.spotify.com/artist/7EVtRX3E2y1wcAwd2YituJ
LoFi Waiter,15939.0,70.0,[],https://i.scdn.co/image/ab676161000051742576a1099bd554479e2e0e12,https://open.spotify.com/artist/5H5W5vmpQSBmQv1uMVor61
Jacques Chillax,732.0,51.0,[],https://i.scdn.co/image/ab67616d00001e0292466e5b0b8d842d0b099546,https://open.spotify.com/artist/1HuGqnZr4OtghjZX881zr2
Mg.,627.0,53.0,[],https://i.scdn.co/image/ab67616100005174889534766d51101dfc2c432f,https://open.spotify.com/artist/7bcD5oOXcMhEBAFHqL3ljS
Cosmic Koala,162.0,53.0,[],https://i.scdn.co/image/ab676161000051742c1b95f01681198e8edab46d,https://open.spotify.com/artist/3ARvFGBfNt9K1SIDM9yMwu
Satoshi Nakamoto,2285.0,52.0,[],https://i.scdn.co/image/ab67616d00001e02686bd63db6b4f7c2f6737948,https://open.spotify.com/artist/0sXILwwk9X38em5cacNPUF
Ngyn,14699.0,56.0,['canadian electronic'],https://i.scdn.co/image/ab67616100005174ddd24042789c3419383d0bb0,https://open.spotify.com/artist/0W03t1E2FUo9WAMBwhntuL
Hakone,2434.0,60.0,[],https://i.scdn.co/image/ab676161000051745b0b7a954a31b56a4df84798,https://open.spotify.com/artist/7CWzXEtz9IgGotcYUQuixF
nitsua.,3451.0,55.0,[],https://i.scdn.co/image/ab6761610000517438be40eaa02d3c54ab981bee,https://open.spotify.com/artist/5RAUmZtkAPMIhgkRNwM8Xw
a girl and a cat,8554.0,56.0,[],https://i.scdn.co/image/ab67616d00001e0227b7fb06450f25598103491d,https://open.spotify.com/artist/3uK7MCVwr7FSxnhNKso4Hi
Mujo,19661.0,63.0,"['japanese chillhop', 'lo-fi beats']",https://i.scdn.co/image/ab67616100005174a17862a42d9ac5695bd869d3,https://open.spotify.com/artist/0vg08N1z9G9LrGLkG1nNDS
Chilled Cougar,1155.0,51.0,[],https://i.scdn.co/image/ab676161000051746ba12adb37b55d4eca1b109d,https://open.spotify.com/artist/5mxwOjRqpFDSn6zXCqwqiH
